{
  "id": "1686339",
  "name": "guiguyinyue",
  "font_family": "iconfont",
  "css_prefix_text": "icon-",
  "description": "",
  "glyphs": [
    {
      "icon_id": "5936398",
      "name": "search",
      "font_class": "xiaoxi--copy",
      "unicode": "e614",
      "unicode_decimal": 58900
    },
    {
      "icon_id": "12851933",
      "name": "search",
      "font_class": "search",
      "unicode": "e615",
      "unicode_decimal": 58901
    },
    {
      "icon_id": "13692335",
      "name": "search",
      "font_class": "search1",
      "unicode": "e616",
      "unicode_decimal": 58902
    },
    {
      "icon_id": "5072665",
      "name": "会员",
      "font_class": "huiyuan",
      "unicode": "e682",
      "unicode_decimal": 59010
    },
    {
      "icon_id": "10984004",
      "name": "会 员1-01",
      "font_class": "huiyuan-",
      "unicode": "e613",
      "unicode_decimal": 58899
    },
    {
      "icon_id": "362640",
      "name": "电台",
      "font_class": "diantai",
      "unicode": "e6f4",
      "unicode_decimal": 59124
    },
    {
      "icon_id": "810280",
      "name": "排行榜",
      "font_class": "icon-ranking",
      "unicode": "e605",
      "unicode_decimal": 58885
    },
    {
      "icon_id": "4969926",
      "name": "每日推荐-01",
      "font_class": "meirituijian-",
      "unicode": "e64b",
      "unicode_decimal": 58955
    },
    {
      "icon_id": "5409114",
      "name": "排行榜",
      "font_class": "paihangbang",
      "unicode": "e606",
      "unicode_decimal": 58886
    },
    {
      "icon_id": "7040499",
      "name": "每日推荐",
      "font_class": "meirituijian",
      "unicode": "e607",
      "unicode_decimal": 58887
    },
    {
      "icon_id": "7936409",
      "name": "直播 观看量 播放 摄影 摄像机 线性",
      "font_class": "zhiboguankanliangbofangsheyingshexiangjixianxing",
      "unicode": "e609",
      "unicode_decimal": 58889
    },
    {
      "icon_id": "8558068",
      "name": "直播 播放 摄像机 天线 线性",
      "font_class": "zhibobofangshexiangjitianxianxianxing",
      "unicode": "e69b",
      "unicode_decimal": 59035
    },
    {
      "icon_id": "9614265",
      "name": "歌单",
      "font_class": "gedan",
      "unicode": "e60c",
      "unicode_decimal": 58892
    },
    {
      "icon_id": "12892362",
      "name": "歌单",
      "font_class": "gedan1",
      "unicode": "e610",
      "unicode_decimal": 58896
    },
    {
      "icon_id": "2218862",
      "name": "暂停",
      "font_class": "pause",
      "unicode": "e603",
      "unicode_decimal": 58883
    },
    {
      "icon_id": "2399437",
      "name": "暂停",
      "font_class": "zanting",
      "unicode": "e774",
      "unicode_decimal": 59252
    },
    {
      "icon_id": "7875879",
      "name": "播放",
      "font_class": "bofang",
      "unicode": "e68b",
      "unicode_decimal": 59019
    },
    {
      "icon_id": "8128206",
      "name": "播放",
      "font_class": "bofang1",
      "unicode": "e601",
      "unicode_decimal": 58881
    },
    {
      "icon_id": "8705731",
      "name": "上一首",
      "font_class": "shangyishou",
      "unicode": "e608",
      "unicode_decimal": 58888
    },
    {
      "icon_id": "10005598",
      "name": "暂停",
      "font_class": "zanting1",
      "unicode": "e60b",
      "unicode_decimal": 58891
    },
    {
      "icon_id": "11141845",
      "name": "上一首",
      "font_class": "next",
      "unicode": "e604",
      "unicode_decimal": 58884
    },
    {
      "icon_id": "11563032",
      "name": "icons／Music页面／播放模式／Play List",
      "font_class": "iconsMusicyemianbofangmoshiPlayList",
      "unicode": "e677",
      "unicode_decimal": 58999
    },
    {
      "icon_id": "11563034",
      "name": "icons／Music页面／播放模式／Alrepeat One",
      "font_class": "iconsMusicyemianbofangmoshiAlrepeatOne",
      "unicode": "e676",
      "unicode_decimal": 58998
    },
    {
      "icon_id": "11563035",
      "name": "icons／Music页面／播放模式／Repeat",
      "font_class": "iconsMusicyemianbofangmoshiRepeat",
      "unicode": "e678",
      "unicode_decimal": 59000
    },
    {
      "icon_id": "11563039",
      "name": "icons／Music页面／播放模式／Shuffle",
      "font_class": "iconsMusicyemianbofangmoshiShuffle",
      "unicode": "e679",
      "unicode_decimal": 59001
    },
    {
      "icon_id": "4316669",
      "name": "我的好友",
      "font_class": "myRecommender",
      "unicode": "e602",
      "unicode_decimal": 58882
    },
    {
      "icon_id": "5314996",
      "name": "我的好友",
      "font_class": "wodehaoyou",
      "unicode": "e70b",
      "unicode_decimal": 59147
    },
    {
      "icon_id": "6380892",
      "name": "我的消息",
      "font_class": "xiaoxi",
      "unicode": "e60d",
      "unicode_decimal": 58893
    },
    {
      "icon_id": "6380923",
      "name": "我的消息",
      "font_class": "xiaoxi1",
      "unicode": "e60f",
      "unicode_decimal": 58895
    },
    {
      "icon_id": "8135700",
      "name": "个人主页",
      "font_class": "gerenzhuye",
      "unicode": "e7ef",
      "unicode_decimal": 59375
    },
    {
      "icon_id": "8633046",
      "name": "个性装扮",
      "font_class": "gexingzhuangban",
      "unicode": "e653",
      "unicode_decimal": 58963
    },
    {
      "icon_id": "9918616",
      "name": "更多",
      "font_class": "gengduo",
      "unicode": "e704",
      "unicode_decimal": 59140
    },
    {
      "icon_id": "11505726",
      "name": "更多",
      "font_class": "gengduo1",
      "unicode": "e611",
      "unicode_decimal": 58897
    },
    {
      "icon_id": "1089295",
      "name": "点赞",
      "font_class": "buoumaotubiao15",
      "unicode": "e60e",
      "unicode_decimal": 58894
    },
    {
      "icon_id": "1980941",
      "name": "评论",
      "font_class": "pinglun",
      "unicode": "e61b",
      "unicode_decimal": 58907
    },
    {
      "icon_id": "1984356",
      "name": "点赞",
      "font_class": "like",
      "unicode": "e692",
      "unicode_decimal": 59026
    },
    {
      "icon_id": "9121572",
      "name": "点赞",
      "font_class": "dianzan",
      "unicode": "e644",
      "unicode_decimal": 58948
    },
    {
      "icon_id": "9241130",
      "name": "点赞",
      "font_class": "iconzhengli_dianzan",
      "unicode": "e643",
      "unicode_decimal": 58947
    },
    {
      "icon_id": "10570208",
      "name": "评论",
      "font_class": "pinglun1",
      "unicode": "e612",
      "unicode_decimal": 58898
    },
    {
      "icon_id": "10787510",
      "name": "评论",
      "font_class": "pinglun2",
      "unicode": "e60a",
      "unicode_decimal": 58890
    },
    {
      "icon_id": "12060285",
      "name": "评论",
      "font_class": "pinglun11",
      "unicode": "e600",
      "unicode_decimal": 58880
    }
  ]
}
